,title,title_ex,movieId
0,10 Things I Hate About You,10 Things I Hate About You (1999),2572
1,12,12 (2007),56093
2,12 and Holding,Dracula: Dead and Loving It (1995),12
3,12 Monkeys,Twelve Monkeys (a.k.a. 12 Monkeys) (1995),32
4,12 Years a Slave,12 Years a Slave (2013),105844
5,127 Hours,127 Hours (2010),81562
6,1492: Conquest of Paradise,1492: Conquest of Paradise (1992),8905
7,15 Minutes,15 Minutes (2001),4167
8,17 Again,17 Again (2009),68135
9,187,Taxi Driver (1976),111
10,2001: A Space Odyssey,2001: A Space Odyssey (1968),924
11,2012,2012 (2009),72378
12,30 Minutes or Less,30 Minutes or Less (2011),88812
13,42,Casablanca (1942),912
14,44 Inch Chest,44 Inch Chest (2009),74818
15,48 Hrs.,Another 48 Hrs. (1990),5027
16,50-50,50/50 (2011),89864
17,500 Days of Summer,(500) Days of Summer (2009),69757
18,8MM,8MM (1999),2505
19,A Few Good Men,A Few Good Men (1992),2268
20,A Most Violent Year,A Most Violent Year (2014),118898
21,A Scanner Darkly,A Scanner Darkly (2006),27904
22,A Serious Man,A Serious Man (2009),71464
23,Above the Law,Above the Law (1988),4466
24,Absolute Power,Absolute Power (1997),1459
25,The Abyss,The Abyss (1989),1127
26,Ace Ventura: Pet Detective,Ace Ventura: Pet Detective (1994),344
27,Adaptation,Adaptation (2002),5902
28,The Adjustment Bureau,The Adjustment Bureau (2011),84954
29,The Adventures of Buckaroo Banzai Across the Eighth Dimension,The Adventures of Buckaroo Banzai Across the 8th Dimension (1984),3070
30,Affliction,Affliction (1997),2439
31,After School Special,After School Special (a.k.a. Barely Legal) (2003),39421
32,After.Life,After Life (Wandafuru raifu) (1998),2624
33,Agnes of God,Agnes of God (1985),3251
34,Air Force One,Air Force One (1997),1608
35,Airplane,Airplane! (1980),2791
36,Airplane 2: The Sequel,Airplane II: The Sequel (1982),2792
37,Aladdin,Aladdin (1992),588
38,Ali,The Specialist (1994),315
39,Alien,Aliens (1986),1200
40,Alien 3,Alien³ (a.k.a. Alien 3) (1992),1320
41,Alien Nation,Alien Nation (1988),3701
42,Alien vs. Predator,AVP: Alien vs. Predator (2004),8810
43,Alien: Resurrection,Alien: Resurrection (1997),1690
44,Aliens,Aliens (1986),1200
45,All About Eve,All About Eve (1950),926
46,All About Steve,All About Steve (2009),71670
47,All the King's Men,All the King's Men (1949),1942
48,All the President's Men,All the President's Men (1976),6787
49,Almost Famous,Almost Famous (2000),3897
50,Alone in the Dark,Alone in the Dark (1982),5918
51,Amadeus,Amadeus (1984),1225
52,Amelia,Amelia (2009),71876
53,American Beauty,American Beauty (1999),2858
54,American Gangster,American Gangster (2007),55765
55,American Graffiti,American Graffiti (1973),3363
56,American History X,American History X (1998),2329
57,American Hustle,American Hustle (2013),106916
58,American Madness,American Madness (1932),50349
59,American Milkshake,The American President (1995),11
60,American Outlaws,American Outlaws (2001),4721
61,American Pie,American Pie (1999),2706
62,The American President,The American President (1995),11
63,American Psycho,American Psycho (2000),3535
64,American Shaolin: King of Kickboxers II,"The City of Lost Children (Cité des enfants perdus, La) (1995)",29
65,American Sniper,American Sniper (2014),114662
66,American Splendor,American Splendor (2003),6620
67,American Werewolf in London,An American Werewolf in London (1981),1321
68,The American,The American President (1995),11
69,The Amityville Asylum,Father of the Bride Part II (1995),5
70,Amour,Vive L'Amour (Ai qing wan sui) (1994),872
71,An Education,An Education (2009),71579
72,Analyze That,Analyze That (2002),5900
73,Analyze This,Analyze This (1999),2539
74,Anastasia,Anastasia (1997),1688
75,Angel Eyes,Angel Eyes (2001),4305
76,Angels & Demons,Angels & Demons (2009),68554
77,Anna Karenina,Anna Karenina (1997),1496
78,Annie Hall,Annie Hall (1977),1230
79,The Anniversary Party,The Anniversary Party (2001),4345
80,Anonymous,Masked & Anonymous (2003),6563
81,Antitrust,Antitrust (2001),4052
82,Antz,Antz (1998),2294
83,The Apartment,The Apartment (1960),909
84,Apocalypse Now,Apocalypse Now (1979),1208
85,April Fool's Day,April Fool's Day (1986),1330
86,Apt Pupil,Apt Pupil (1998),2320
87,Arbitrage,Arbitrage (2012),96751
88,Arcade,Arcade (1993),98523
89,Arctic Blue,Blue in the Face (1995),156
90,Argo,Fargo (1996),608
91,Armageddon,Armageddon (1998),1917
92,Army of Darkness,Army of Darkness (1993),1215
93,Arsenic and Old Lace,Arsenic and Old Lace (1944),1269
94,Arthur,A Kid in King Arthur's Court (1995),258
95,The Artist,The Artist (2011),89904
96,As Good As It Gets,As Good as It Gets (1997),1784
97,Assassins,Assassins (1995),23
98,The Assignment,The Assignment (1997),1631
99,At First Sight,At First Sight (1999),2445
100,August: Osage County,August: Osage County (2013),106841
101,Austin Powers - International Man of Mystery,Austin Powers: International Man of Mystery (1997),1517
102,Austin Powers - The Spy Who Shagged Me,Austin Powers: The Spy Who Shagged Me (1999),2683
103,Authors Anonymous,Authors Anonymous (2014),113575
104,Autumn in New York,Autumn in New York (2000),3824
105,Avatar,Avatar (2009),72998
106,The Avengers,The Avengers (1998),2153
107,The Avengers (2012),The Avengers (2012),89745
108,"Avventura, L' (The Adventure)","The Avventura, L' (Adventure) (1960)",8195
109,Babel,Babel (2006),46723
110,Bachelor Party,Bachelor Party (1984),3525
111,The Bachelor Party,The Bachelor Party (1957),86622
112,The Back-up Plan,The Back-up Plan (2010),78264
113,Backdraft,Backdraft (1991),3107
114,Bad Boys,Bad Boys (1995),145
115,Bad Country,Bad Country (2014),109788
116,Bad Day at Black Rock,Bad Day at Black Rock (1955),8094
117,Bad Dreams,Bad Dreams (1988),4472
118,Bad Lieutenant,Bad Lieutenant (1992),3272
119,Bad Santa,Bad Santa (2003),6957
120,Bad Teacher,Bad Teacher (2011),87485
121,Badlands,Badlands (1973),3741
122,Bamboozled,Bamboozled (2000),3943
123,Barry Lyndon,Barry Lyndon (1975),2730
124,Barton Fink,Barton Fink (1991),6440
125,Basic,Basic Instinct (1992),1092
126,Basic Instinct,Basic Instinct (1992),1092
127,Basquiat,Basquiat (1996),851
128,Batman,Batman Forever (1995),153
129,Batman 2,Lawnmower Man 2: Beyond Cyberspace (1996),66
130,The Battle of Algiers,The Battle of Algiers (La battaglia di Algeri) (1966),26131
131,The Battle of Shaker Heights,The Battle of Shaker Heights (2003),6689
132,Battle: Los Angeles,Battle: Los Angeles (2011),85131
133,The Beach,Bhaji on the Beach (1993),568
134,Bean,"The Beans of Egypt, Maine (1994)",560
135,Beasts of No Nation,Father of the Bride Part II (1995),5
136,Beasts of the Southern Wild,Beasts of the Southern Wild (2012),95558
137,Beauty and the Beast,Beauty and the Beast (1991),595
138,Beavis and Butt-head Do America,Beavis and Butt-Head Do America (1996),1405
139,Beginners,Italian for Beginners (Italiensk for begyndere) (2000),5051
140,Being Human,Being Human (1993),418
141,Being John Malkovich,Being John Malkovich (1999),2997
142,Being There,Being There (1979),1292
143,The Believer,The Believers (1987),1332
144,Belle,Beauty of the Day (Belle de jour) (1967),154
145,Beloved,"Cry, the Beloved Country (1995)",40
146,The Best Exotic Marigold Hotel,The Best Exotic Marigold Hotel (2011),94070
147,Big,The Big Green (1995),54
148,The Big Blue,Le The Big Blue (Grand bleu) (1988),1216
149,Big Eyes,Big Eyes (2014),118985
150,Big Fish,Big Fish (2003),7147
151,The Big Lebowski,The Big Lebowski (1998),1732
152,The Big Sick,Father of the Bride Part II (1995),5
153,The Big White,The Big White (2005),44058
154,Birdman,Birdman of Alcatraz (1962),7062
155,The Birds,The Birds (1963),1333
156,Birthday Girl,Birthday Girl (2001),5081
157,The Black Dahlia,The Black Dahlia (2006),48142
158,Black Rain,Black Rain (1989),4572
159,Black Snake Moan,Black Snake Moan (2006),51091
160,Black Swan,The Black Swan (1942),60311
161,Blade,Blade Runner (1982),541
162,Blade II,Blade II (2002),5254
163,Blade Runner,Blade Runner (1982),541
164,Blade: Trinity,Blade: Trinity (2004),8985
165,The Blast from the Past,Blast from the Past (1999),2496
166,The Blind Side,The Blind Side  (2009),72641
167,The Bling Ring,The Bling Ring (2013),103137
168,Blood and Wine,Blood and Wine (Blood & Wine) (1996),1351
169,Blood Simple,Blood Simple (1984),3683
170,Blow,Blown Away (1994),423
171,Blue Valentine,Blue Valentine (2010),78039
172,Blue Velvet,Blue Velvet (1986),2076
173,"Bodies, Rest & Motion","Bodies, Rest & Motion (1993)",6510
174,Body Heat,Body Heat (1981),2917
175,Body of Evidence,Body of Evidence (1993),5962
176,Bodyguard,My Bodyguard (1980),2240
177,Bones,Funny Bones (1995),3446
178,Bonfire of the Vanities,Bonfire of the Vanities (1990),3130
179,Bonnie and Clyde,Bonnie and Clyde (1967),1084
180,Boogie Nights,Boogie Nights (1997),1673
181,The Book of Eli,The Book of Eli (2010),73321
182,Boondock Saints 2: All Saints Day,The Boondock Saints II: All Saints Day (2009),72167
183,The Boondock Saints,The Boondock Saints (2000),3275
184,Bottle Rocket,Bottle Rocket (1996),101
185,Bound,Bound (1996),866
186,The Bounty Hunter,The Bounty Hunter (2010),75805
187,The Bourne Identity,The Bourne Identity (2002),5418
188,The Bourne Ultimatum,The Bourne Ultimatum (2007),54286
189,The Box,The Boxer (1997),26965
190,The Boxtrolls,The Boxtrolls (2014),114552
191,Boyhood,Boyhood (2014),112290
192,Braveheart,Braveheart (1995),110
193,Brazil,Brazil (1985),1199
194,Break,Outbreak (1995),292
195,Breakdown,Breakdown (1997),1518
196,The Breakfast Club,The Breakfast Club (1985),1968
197,Breaking Away,Breaking Away (1979),3359
198,Brick,Brick (2005),44761
199,Bridesmaids,Bridesmaids (2011),86833
200,Bringing Out the Dead,Bringing Out the Dead (1999),2976
201,Broadcast News,Broadcast News (1987),2243
202,Broken Arrow,Broken Arrow (1996),95
203,Broken Embraces,Broken Embraces (Los abrazos rotos) (2009),72386
204,The Brothers Bloom,The Brothers Bloom (2008),68848
205,Bruce Almighty,Bruce Almighty (2003),6373
206,Buffy the Vampire Slayer,Buffy the Vampire Slayer (1992),3264
207,Bull Durham,Bull Durham (1988),3361
208,Buried,Dead & Buried (1981),5726
209,Burlesque,Lady of Burlesque (1943),958
210,Burn After Reading,Burn After Reading (2008),61323
211,Burning Annie,Paris Is Burning (1990),1192
212,The Butterfly Effect,The Butterfly Effect (2004),7254
213,Cable Guy,The Cable Guy (1996),784
214,Candle to Water,Waiting to Exhale (1995),4
215,Capote,Capote (2005),37741
216,Carrie,Carried Away (1996),630
217,Cars 2,Cars 2 (2011),87876
218,Case 39,Case 39 (2009),76030
219,Casino,Casino (1995),16
220,Cast Away,Cast Away (2000),4022
221,Catch Me If You Can,Catch Me If You Can (2002),5989
222,Cecil B. Demented,Cecil B. DeMented (2000),3858
223,Cedar Rapids,Cedar Rapids (2011),84615
224,Celeste & Jesse Forever,Celeste and Jesse Forever (Celeste & Jesse Forever) (2012),96314
225,The Cell,The Celluloid Closet (1995),581
226,Cellular,Cellular (2004),8860
227,The Change-Up,The Change-Up (2011),88785
228,Changeling,The Changeling (1980),4833
229,Chaos,Chaos (2001),6056
230,Charade,Charade (1963),911
231,Charlie's Angels,Charlie's Angels (2000),3977
232,Chasing Amy,Chasing Amy (1997),1639
233,Chasing Sleep,Chasing Sleep (2000),27292
234,Cherry Falls,Cherry Falls (2000),27170
235,Chinatown,Chinatown (1974),1252
236,Christ Complex,"The Forbidden Christ (Cristo proibito, Il) (1950)",1368
237,Chronicle,Interview with the Vampire: The Vampire Chronicles (1994),253
238,"Chronicles of Narnia: The Lion, the Witch and the Wardrobe","The Chronicles of Narnia: The Lion, the Witch and the Wardrobe (2005)",41566
239,The Cider House Rules,The Cider House Rules (1999),3148
240,The Cincinnati Kid,The Cincinnati Kid (1965),8494
241,Cinema Paradiso,Cinema Paradiso (Nuovo cinema Paradiso) (1989),1172
242,Cirque du Freak: The Vampire's Assistant,Cirque du Freak: The Vampire's Assistant (2009),72165
243,Citizen Kane,Citizen Kane (1941),923
244,City of Joy,City of Joy (1992),8377
245,Clash of the Titans,Clash of the Titans (1981),5540
246,Clerks,Clerks (1994),223
247,Cliffhanger,Cliffhanger (1993),434
248,Cobb,Cobb (1994),354
249,Coco,Cocoon (1985),2407
250,Code of Silence,Code of Silence (1985),4001
251,Cold Mountain,Cold Mountain (2003),7162
252,Collateral Damage,Collateral Damage (2002),5093
253,Colombiana,Colombiana (2011),89087
254,Color of Night,Color of Night (1994),436
255,Commando,Suburban Commando (1991),5597
256,Conan the Barbarian,Conan the Barbarian (1982),1587
257,Confessions of a Dangerous Mind,Confessions of a Dangerous Mind (2002),6003
258,Confidence,Confidence (2003),6322
259,Constantine,Constantine (2005),31696
260,The Cooler,The Cooler (2003),7137
261,Copycat,Copycat (1995),22
262,Coraline,Coraline (2009),66097
263,Coriolanus,Coriolanus (2011),91571
264,Cowboys & Aliens,Cowboys & Aliens (2011),83613
265,Cradle 2 the Grave,Cradle 2 the Grave (2003),6196
266,Crank,Crank (2006),47200
267,Crash,Crash (1996),1483
268,"Crazy, Stupid, Love","Crazy, Stupid, Love. (2011)",88163
269,Crazylove,Crazy Love (2007),55851
270,Creation,Creation (2009),72228
271,Crime Spree,Crime Spree (2003),7201
272,The Croods,The Croods (2013),101142
273,"Crouching Tiger, Hidden Dragon","Crouching Tiger, Hidden Dragon (Wo hu cang long) (2000)",3996
274,Croupier,Croupier (1998),3783
275,The Crow Salvation,The Crow: Salvation (2000),3563
276,The Crow,The Crow (1994),353
277,The Crow: City of Angels,The Crow: City of Angels (1996),839
278,Cruel Intentions,Cruel Intentions (1999),2541
279,Crying Game,The Crying Game (1992),1094
280,Cube,Cube (1997),2232
281,The Curious Case of Benjamin Button,The Curious Case of Benjamin Button (2008),64957
282,Custody,In Custody (1994),96275
283,Dallas Buyers Club,Dallas Buyers Club (2013),106100
284,Dances with Wolves,Dances with Wolves (1990),590
285,Dark City,Dark City (1998),1748
286,The Dark Knight Rises,The Dark Knight Rises (2012),91529
287,Dark Star,Dark Star (1974),26285
288,Darkman,Darkman (1990),6966
289,Date Night,Date Night (2010),76293
290,Dave Barry's Complete Guide to Guys,Waiting to Exhale (1995),4
291,Dawn of the Dead,Dawn of the Dead (2004),7360
292,Day of the Dead,Day of the Dead (1985),6731
293,The Day the Clown Cried,"The City of Lost Children (Cité des enfants perdus, La) (1995)",29
294,The Day the Earth Stood Still,The Day the Earth Stood Still (1951),1253
295,Days of Heaven,Days of Heaven (1978),2932
296,Dead Poets Society,Dead Poets Society (1989),1246
297,Deadpool,The Dead Pool (1988),4498
298,Dear White People,Dear White People (2014),117123
299,Death at a Funeral,Death at a Funeral (2007),53956
300,Death to Smoochy,Death to Smoochy (2002),5265
301,The Debt,The Debt (Dlug) (1999),27302
302,Deception,Deception (1946),25922
303,Deep Cover,Deep Cover (1992),8520
304,Deep Rising,Deep Rising (1998),1762
305,The Deer Hunter,The Deer Hunter (1978),1263
306,Defiance,Defiance (1980),26438
307,The Departed,The Departed (2006),48516
308,The Descendants,The Descendants (2011),91077
309,Despicable Me 2,Despicable Me 2 (2013),103335
310,Detroit Rock City,Detroit Rock City (1999),2772
311,Devil in a Blue Dress,Devil in a Blue Dress (1995),164
312,Devil's Advocate,The Devil's Advocate (1997),1645
313,Die Hard,Die Hard: With a Vengeance (1995),165
314,Die Hard 2,Die Hard 2 (1990),1370
315,Diner,Diner (1982),3543
316,The Distinguished Gentleman,The Distinguished Gentleman (1992),3120
317,Disturbia,Disturbia (2007),52458
318,Django Unchained,Django Unchained (2012),99114
319,Do The Right Thing,Do the Right Thing (1989),3424
320,Dog Day Afternoon,Dog Day Afternoon (1975),3362
321,Dogma,Dogma (1999),3052
322,Donnie Brasco,Donnie Brasco (1997),1466
323,The Doors,The Doors (1991),1093
324,Double Indemnity,Double Indemnity (1944),3435
325,Drag Me to Hell,Drag Me to Hell (2009),68952
326,Dragonslayer,Dragonslayer (1981),5039
327,Drive,Taxi Driver (1976),111
328,Drive Angry,Drive Angry (2011),84942
329,Drop Dead Gorgeous,Drop Dead Gorgeous (1999),2718
330,A Dry White Season,A Dry White Season (1989),4586
331,Duck Soup,Duck Soup (1933),1256
332,Dumb and Dumber,Dumb & Dumber (Dumb and Dumber) (1994),231
333,Dune,Dune (1984),2021
334,E.T.,Race the Sun (1996),120
335,Eagle Eye,Eagle Eye (2008),62081
336,Eastern Promises,Eastern Promises (2007),55118
337,Easy A,Easy A (2010),80549
338,Ed TV,Ed Wood (1994),235
339,Ed Wood,Ed Wood (1994),235
340,Edward Scissorhands,Edward Scissorhands (1990),2291
341,Eight Legged Freaks,Eight Legged Freaks (2002),5478
342,Election,Election (1999),2599
343,The Elephant Man,The Elephant Man (1980),2313
344,Elizabeth: The Golden Age,Elizabeth: The Golden Age (2007),55274
345,Enemy of the State,Enemy of the State (1998),2353
346,The English Patient,The English Patient (1996),1183
347,Enough,The World Is Not Enough (1999),3082
348,Entrapment,Entrapment (1999),2605
349,Erik the Viking,Erik the Viking (1989),4591
350,Erin Brockovich,Erin Brockovich (2000),3408
351,Escape From L.A.,Escape from L.A. (1996),849
352,Escape From New York,Escape from New York (1981),1129
353,Eternal Sunshine of the Spotless Mind,Eternal Sunshine of the Spotless Mind (2004),7361
354,Even Cowgirls Get the Blues,Even Cowgirls Get the Blues (1993),444
355,Event Horizon,Event Horizon (1997),1590
356,Evil Dead,Evil Dead II (Dead by Dawn) (1987),1261
357,Evil Dead II: Dead by Dawn,Evil Dead II (Dead by Dawn) (1987),1261
358,Ex Machina,Ghost from the Machine (Phasma Ex Machina) (2010),90007
359,Excalibur,Excalibur (1981),2872
360,eXistenZ,eXistenZ (1999),2600
361,Extract,Extract (2009),71248
362,The Fabulous Baker Boys,The Fabulous Baker Boys (1989),3684
363,Face Off,Face/Off (1997),1573
364,Fair Game,Fair Game (1995),71
365,The Family Man,The Family Man (2000),4023
366,Fantastic Four,Fantastic Four (2005),34150
367,Fantastic Mr Fox,Fantastic Mr. Fox (2009),72226
368,Fargo,Fargo (1996),608
369,Fast Times at Ridgemont High,Fast Times at Ridgemont High (1982),3210
370,Fatal Instinct,Fatal Instinct (1993),445
371,The Fault in Our Stars,The Fault in Our Stars (2014),111921
372,Fear and Loathing in Las Vegas,Fear and Loathing in Las Vegas (1998),1884
373,Feast,Feast of July (1995),167
374,Ferris Bueller's Day Off,Ferris Bueller's Day Off (1986),2918
375,Field of Dreams,Field of Dreams (1989),1302
376,The Fifth Element,The Fifth Element (1997),1527
377,Fight Club,Fight Club (1999),2959
378,The Fighter,The Fighter (2010),81932
379,Final Destination,Final Destination (2000),3409
380,Final Destination 2,Final Destination 2 (2003),6058
381,Finding Nemo,Finding Nemo (2003),6377
382,Five Easy Pieces,Five Easy Pieces (1970),3201
383,Flash Gordon,Flash Gordon (1980),4941
384,Fletch,Fletch (1985),2371
385,Flight,Flight of the Navigator (1986),2046
386,The Flintstones,The Flintstones (1994),355
387,Forrest Gump,Forrest Gump (1994),356
388,Four Feathers,The Four Feathers (2002),5611
389,Four Rooms,Four Rooms (1995),18
390,Foxcatcher,Foxcatcher (2014),116161
391,Fracture,Fracture (2007),52604
392,Frances,Frances (1982),2757
393,Frankenstein,Mary Shelley's Frankenstein (Frankenstein) (1994),273
394,Frankenweenie,Frankenweenie (2012),97172
395,Freaked,Freaked (1993),26861
396,Freddy vs. Jason,Freddy vs. Jason (2003),6615
397,The French Connection,The French Connection (1971),1953
398,Frequency,Frequency (2000),3510
399,Friday the 13th,Friday the 13th (1980),1974
400,Friday the 13th Part VIII: Jason Takes Manhattan,Friday the 13th Part VIII: Jason Takes Manhattan (1989),1981
401,Fright Night,Fright Night (1985),2867
402,Fright Night (1985),Fright Night (1985),2867
403,From Dusk Till Dawn,From Dusk Till Dawn (1996),70
404,From Here to Eternity,From Here to Eternity (1953),1944
405,Frozen,Frozen Land (Paha maa) (2005),31785
406,Frozen (Disney),Frozen Land (Paha maa) (2005),31785
407,Frozen River,Frozen River (2008),60943
408,Fruitvale Station,Fruitvale Station (2013),103624
409,The Fugitive,The Fugitive (1993),457
410,Funny People,Funny People (2009),66509
411,G.I. Jane,G.I. Jane (1997),1586
412,G.I. Joe: The Rise of Cobra,G.I. Joe: The Rise of Cobra (2009),70336
413,Game 6,Game 6 (2005),45648
414,The Game,Surviving the Game (1994),547
415,Gamer,Gamera vs. Jiger (1970),26223
416,Gandhi,Gandhi (1982),1293
417,Gang Related,Gang Related (1997),1662
418,Gangs of New York,Gangs of New York (2002),5956
419,Garden State,Garden State (2004),8784
420,Gattaca,Gattaca (1997),1653
421,Get Carter,Get Carter (2000),3946
422,Get Low,Get Low (2009),79897
423,Get on Up,Get on Up (2014),113207
424,Get Out,Get Out Your Handkerchiefs (Préparez vos mouchoirs) (1978),5087
425,The Getaway,The Getaway (1994),459
426,Ghost,Ghost (1990),587
427,The Ghost and the Darkness,The Ghost and the Darkness (1996),1049
428,Ghost Rider,Ghost Rider (2007),51077
429,Ghost Ship,Ghost Ship (2002),5784
430,Ghost World,Ghost World (2001),4641
431,Ghostbusters,Ghostbusters (a.k.a. Ghost Busters) (1984),2716
432,Ghostbusters 2,Lawnmower Man 2: Beyond Cyberspace (1996),66
433,Ginger Snaps,Ginger Snaps (2000),6820
434,The Girl with the Dragon Tattoo,The Girl with the Dragon Tattoo (2011),91658
435,Gladiator,Gladiator (2000),3578
436,Glengarry Glen Gross,Gross Anatomy (a.k.a. A Cut Above) (1989),4600
437,Go,GoldenEye (1995),10
438,Godfather,The Godfather (1972),858
439,Godfather Part II,Father of the Bride Part II (1995),5
440,Gods and Monsters,Gods and Monsters (1998),2333
441,Godzilla,Godzilla (1998),1882
442,Gone Baby Gone,Gone Baby Gone (2007),55290
443,Gone in 60 Seconds,Gone in 60 Seconds (2000),3717
444,The Good Girl,The Good Girl (2002),5505
445,Good Will Hunting,Good Will Hunting (1997),1704
446,Gothika,Gothika (2003),6952
447,Grabbers,Grabbers (2012),102070
448,The Graduate,The Graduate (1967),1247
449,Gran Torino,Gran Torino (2008),64614
450,Grand Hotel,Grand Hotel (1932),1929
451,Grand Theft Parsons,Grand Theft Parsons (2003),42638
452,The Grapes of Wrath,The Grapes of Wrath (1940),3095
453,Gravity,Defying Gravity (1997),3575
454,The Great Gatsby,The Great Gatsby (1974),7178
455,The Green Mile,The Green Mile (1999),3147
456,Gremlins,Gremlins (1984),2003
457,Gremlins 2,Gremlins 2: The New Batch (1990),2004
458,The Grifters,The Grifters (1990),1179
459,Grosse Point Blank,Dead Tired (Grosse Fatigue) (1994),1174
460,Groundhog Day,Groundhog Day (1993),1265
461,The Grudge,The Grudge (2004),8947
462,Guardians of the Galaxy Vol 2,Guardians of the Galaxy (2014),112852
463,Hackers,Hackers (1995),170
464,Hall Pass,Hall Pass (2011),85022
465,Halloween: The Curse of Michael Myers,Halloween: The Curse of Michael Myers (Halloween 6: The Curse of Michael Myers) (1995),891
466,Hancock,Hancock (2008),60074
467,The Hangover,The Hangover (2009),69122
468,Hanna,Hannah and Her Sisters (1986),6993
469,Hannah and Her Sisters,Hannah and Her Sisters (1986),6993
470,Hannibal,Hannibal (2001),4148
471,"Happy Birthday, Wanda June","Hey, Happy! (2001)",5070
472,Happy Feet,Happy Feet (2006),49274
473,Hard Rain,Hard Rain (1998),1752
474,Hard to Kill,Hard to Kill (1990),26688
475,Harold and Kumar Go to White Castle,Harold and Kumar Go to White Castle (2004),8807
476,The Haunting,The Haunting (1963),2550
477,He's Just Not That Into You,He's Just Not That Into You (2009),66203
478,Heat,Heat (1995),6
479,Heathers,Heathers (1989),1285
480,Heavenly Creatures,Heavenly Creatures (1994),247
481,Heavy Metal,Heavy Metal (1981),610
482,The Hebrew Hammer,The Hebrew Hammer (2003),7157
483,Heist,Heist (2001),4889
484,Hellbound: Hellraiser II,Hellbound: Hellraiser II (1988),3918
485,Hellboy,Hellboy (2004),7373
486,Hellboy 2: The Golden Army,Hellboy II: The Golden Army (2008),57640
487,Hellraiser,Hellraiser: Bloodline (1996),611
488,Hellraiser 3: Hell on Earth,Hellraiser III: Hell on Earth (1992),3919
489,Hellraiser: Deader,Hellraiser: Deader (2005),71372
490,Hellraiser: Hellseeker,Hellraiser: Hellseeker (2002),43022
491,The Help,The Help (2011),88810
492,Henry Fool,Henry Fool (1997),1904
493,Henry's Crime,Henry's Crime (2010),86028
494,Her,Unstrung Heroes (1995),205
495,Hesher,Hesher (2010),89047
496,High Fidelity,High Fidelity (2000),3481
497,Highlander,Highlander III: The Sorcerer (a.k.a. Highlander: The Final Dimension) (1994),405
498,Highlander: Endgame,Highlander: Endgame (Highlander IV) (2000),3889
499,The Hills Have Eyes,The Hills Have Eyes (1977),5588
500,His Girl Friday,His Girl Friday (1940),951
501,Hitchcock,Storefront Hitchcock (1997),1819
502,The Hitchhiker's Guide to the Galaxy,The Hitchhiker's Guide to the Galaxy (2005),33004
503,Hollow Man,Hollow Man (2000),3826
504,Honeydripper,Honeydripper (2007),60436
505,Horrible Bosses,Horrible Bosses (2011),87869
506,The Horse Whisperer,The Horse Whisperer (1998),1727
507,The Hospital,The Hospital (1971),6840
508,Hostage,Hostage (2005),32029
509,Hot Tub Time Machine,Hot Tub Time Machine (2010),76077
510,Hotel Rwanda,Hotel Rwanda (2004),30749
511,House of 1000 Corpses,House of 1000 Corpses (2003),6290
512,How to Lose Friends & Alienate People,How to Lose Friends & Alienate People (2008),62113
513,How to Train Your Dragon,How to Train Your Dragon (2010),76093
514,How to Train Your Dragon 2,How to Train Your Dragon 2 (2014),112175
515,Hudson Hawk,Hudson Hawk (1991),7000
516,The Hudsucker Proxy,The Hudsucker Proxy (1994),471
517,Human Nature,Human Nature (2001),5298
518,The Hunt for Red October,The Hunt for Red October (1990),1610
519,The Hurt Locker,The Hurt Locker (2008),69481
520,I Am Number Four,I Am Number Four (2011),85056
521,I am Sam,I Am Sam (2001),5014
522,I Love You Phillip Morris,I Love You Phillip Morris (2009),74275
523,I Spit on Your Grave,I Spit on Your Grave (2010),84189
524,I Still Know What You Did Last Summer,I Still Know What You Did Last Summer (1998),2338
525,I'll Do Anything,I'll Do Anything (1994),472
526,"I, Robot","I, Robot (2004)",8644
527,The Ice Storm,The Ice Storm (1997),1635
528,The Ides of March,The Ides of March (2011),89804
529,The Imaginarium of Doctor Parnassus,The Imaginarium of Doctor Parnassus (2009),69951
530,In the Bedroom,In the Bedroom (2001),4903
531,In the Loop,In the Loop (2009),67997
532,Inception,Inception (2010),79132
533,Independence Day,Independence Day (a.k.a. ID4) (1996),780
534,Indiana Jones and the Last Crusade,Indiana Jones and the Last Crusade (1989),1291
535,Indiana Jones and the Raiders of the Lost Ark,Raiders of the Lost Ark (Indiana Jones and the Raiders of the Lost Ark) (1981),1198
536,Indiana Jones and the Temple of Doom,Indiana Jones and the Temple of Doom (1984),2115
537,Indiana Jones IV,Star Wars: Episode IV - A New Hope (1977),260
538,The Informant,The Informant! (2009),71211
539,Inglourious Basterds,Inglourious Basterds (2009),68157
540,The Insider,The Insider (1999),3006
541,Insidious,Insidious (2010),85788
542,Insomnia,Insomnia (1997),1889
543,Interstellar,Interstellar (2014),109487
544,Interview with the Vampire,Interview with the Vampire: The Vampire Chronicles (1994),253
545,Into the Wild,Into the Wild (2007),55247
546,Into the Woods,Into the Woods (1991),8580
547,Intolerable Cruelty,Intolerable Cruelty (2003),6873
548,Inventing the Abbotts,Inventing the Abbotts (1997),1498
549,The Invention of Lying,The Invention of Lying (2009),71520
550,Invictus,Invictus (2009),72733
551,The Iron Lady,The Iron Lady (2011),91890
552,The Island,The Island of Dr. Moreau (1996),880
553,It,Two Bits (1995),67
554,It Happened One Night,It Happened One Night (1934),905
555,It's a Wonderful Life,It's a Wonderful Life (1946),953
556,It's Complicated,It's Complicated (2009),73015
557,The Italian Job,The Italian Job (2003),6378
558,The Jacket,The Jacket (2005),27788
559,Jackie Brown,Jackie Brown (1997),1729
560,Jacob's Ladder,Jacob's Ladder (1990),3476
561,Jane Eyre,Jane Eyre (1996),613
562,Jason X,Jason X (2002),5323
563,Jaws,Jaws (1975),1387
564,Jaws 2,Jaws 2 (1978),1388
565,Jay and Silent Bob Strike Back,Jay and Silent Bob Strike Back (2001),4734
566,Jennifer Eight,187 (One Eight Seven) (1997),1609
567,Jennifer's Body,Jennifer's Body (2009),71205
568,Jerry Maguire,Jerry Maguire (1996),1393
569,Jeux Interdits,Forbidden Games (Jeux interdits) (1952),6982
570,JFK,JFK (1991),3386
571,Jimmy and Judy,Jimmy and Judy (2006),69159
572,John Q,John Q (2002),5108
573,John Wick,John Wick (2014),115149
574,Judge Dredd,Judge Dredd (1995),173
575,Juno,Juno and the Paycock (1930),2218
576,Jurassic Park,Jurassic Park (1993),480
577,Jurassic Park III,Jurassic Park III (2001),4638
578,Jurassic Park: The Lost World,The Lost World: Jurassic Park (1997),1544
579,Kafka,Kafka (1991),7003
580,Kalifornia,Kalifornia (1993),481
581,Kate & Leopold,Kate & Leopold (2001),4992
582,Kids,Kids of the Round Table (1995),56
583,The Kids Are All Right,The Kids Are All Right (2010),79242
584,Kill Bill Volume 1 & 2,Lawnmower Man 2: Beyond Cyberspace (1996),66
585,Kill Your Darlings,Kill Your Darlings (2006),70008
586,Killing Zoe,Killing Zoe (1994),482
587,King Kong,King Kong vs. Godzilla (Kingukongu tai Gojira) (1962),2365
588,The King of Comedy,The King of Comedy (1983),6001
589,The King's Speech,The King's Speech (2010),81845
590,The Kingdom,The Kingdom (Riget) (1994),7505
591,Klute,Klute (1971),1964
592,Knocked Up,Knocked Up (2007),52973
593,Kramer vs Kramer,Kramer vs. Kramer (1979),1955
594,Kundun,Kundun (1997),1730
595,Kung Fu Panda,Kung Fu Panda (2008),59784
596,L.A. Confidential,L.A. Confidential (1997),1617
597,La La Land,Going Down in LA-LA Land (2011),112790
598,Labor of Love,Father of the Bride Part II (1995),5
599,Labyrinth,Labyrinth (1986),1967
600,The Ladykillers,The Ladykillers (1955),5602
601,Lake Placid,Lake Placid (1999),2713
602,Land of the Dead,Land of the Dead (2005),33834
603,Larry Crowne,Larry Crowne (2011),87522
604,The Last Boy Scout,The Last Boy Scout (1991),7007
605,Last Chance Harvey,Last Chance Harvey (2008),65465
606,The Last Flight,The Last Flight of Noah's Ark (1980),8883
607,The Last of the Mohicans,The Last of the Mohicans (1992),1408
608,The Last Samurai,The Last Samurai (2003),7143
609,The Last Station,The Last Station (2009),73027
610,Last Tango in Paris,Last Tango in Paris (Ultimo tango a Parigi) (1972),7008
611,Law Abiding Citizen,Law Abiding Citizen (2009),71838
612,Leaving Las Vegas,Leaving Las Vegas (1995),25
613,Legally Blonde,Legally Blonde (2001),4447
614,Legend,Legends of the Fall (1994),266
615,Legion,Legion of the Dead (2001),5837
616,Les Miserables,Les The Umbrellas of Cherbourg (Parapluies de Cherbourg) (1964),199
617,Leviathan,Leviathan (1989),4618
618,Liar Liar,Liar Liar (1997),1485
619,Life,Boys Life (1995),388
620,Life As A House,Life as a House (2001),4880
621,The Life of David Gale,The Life of David Gale (2003),6187
622,Life of Pi,Life of Pi (2012),97938
623,Light Sleeper,Light Sleeper (1992),26737
624,The Limey,The Limey (1999),2912
625,Limitless,Limitless (2011),84152
626,Lincoln,Abe Lincoln in Illinois (1940),25859
627,The Lincoln Lawyer,The Lincoln Lawyer (2011),84392
628,Little Athens,"Steal Big, Steal Little (1995)",119
629,The Little Mermaid,The Little Mermaid (1989),2081
630,Little Nicky,Little Nicky (2000),3979
631,Living in Oblivion,Living in Oblivion (1995),176
632,"Lock, Stock and Two Smoking Barrels","Lock, Stock & Two Smoking Barrels (1998)",2542
633,Logan,Logan's Run (1976),2528
634,Logan's Run,Logan's Run (1976),2528
635,Lone Star,Lone Star (1996),800
636,The Long Kiss Goodnight,The Long Kiss Goodnight (1996),1047
637,Looper,Looper (2012),96610
638,Lord of Illusions,Lord of Illusions (1995),177
639,The Lord of the Rings: Fellowship of the Ring,The Lord of the Rings: The Fellowship of the Ring (2001),4993
640,Lord of the Rings: Return of the King,The Lord of the Rings: The Return of the King (2003),7153
641,Lord of the Rings: The Two Towers,The Lord of the Rings: The Two Towers (2002),5952
642,Lord of War,Lord of War (2005),36529
643,The Losers,The Losers (2010),77364
644,Lost Highway,Lost Highway (1997),1464
645,Lost Horizon,Lost Horizon (1937),944
646,Lost in Space,Lost in Space (1998),1831
647,Lost in Translation,Lost in Translation (2003),6711
648,Love and Basketball,Love and Basketball (2000),3554
649,Machete,Machete (2010),80219
650,Machine Gun Preacher,Machine Gun Preacher (2011),90624
651,Mad Max 2: The Road Warrior,The Road Warrior (Mad Max 2) (1981),3703
652,Made,Made in America (1993),489
653,Magnolia,Magnolia (1999),3160
654,The Majestic (The Bijou),"The City of Lost Children (Cité des enfants perdus, La) (1995)",29
655,Major League,Major League: Back to the Minors (1998),1863
656,Malcolm X,Brother Minister: The Assassination of Malcolm X (1994),404
657,Malibu's Most Wanted,Malibu's Most Wanted (2003),6298
658,Man in the Iron Mask,The Man in the Iron Mask (1998),1801
659,Man On Fire,Man on Fire (2004),7445
660,Man on the Moon,Man on the Moon (1999),3174
661,Man Trouble,Man Trouble (1992),31083
662,The Man Who Knew Too Much,The Man Who Knew Too Much (1956),2183
663,The Man Who Wasn't There,The Man Who Wasn't There (2001),4881
664,The Manchurian Candidate,The Manchurian Candidate (1962),1267
665,Manhattan Murder Mystery,Manhattan Murder Mystery (1993),492
666,Manhunter,Manhunter (1986),4210
667,Margaret,Margaret's Museum (1995),114
668,Margin Call,Margin Call (2011),90439
669,Margot at the Wedding,Margot at the Wedding (2007),56274
670,"Mariachi, El","Mariachi, El (1992)",3267
671,Marley & Me,Marley & Me (2008),65230
672,Martha Marcy May Marlene,Martha Marcy May Marlene (2011),90374
673,The Martian,Santa Claus Conquers the Martians (1964),57041
674,Marty,Marty (1955),1946
675,Mary Poppins,Mary Poppins (1964),1028
676,The Mask,The Mask (1994),367
677,Master and Commander,Master and Commander: The Far Side of the World (2003),6947
678,The Master,The Master (1984),2258
679,The Matrix Reloaded,The Matrix Reloaded (2003),6365
680,The Matrix,The Matrix (1999),2571
681,Max Payne,Max Payne (2008),62394
682,Mean Streets,Mean Streets (1973),8042
683,The Mechanic,The Mechanic (1972),5692
684,Meet Joe Black,Meet Joe Black (1998),2340
685,Meet John Doe,Meet John Doe (1941),973
686,Megamind,Megamind (2010),81564
687,Memento,Memento (2000),4226
688,Men in Black,Men in Black (a.k.a. MIB) (1997),1580
689,Men in Black 3,Grumpier Old Men (1995),3
690,The Men Who Stare at Goats,The Men Who Stare at Goats (2009),71156
691,Metro,Metro (1997),1432
692,Miami Vice,Miami Vice (2006),47044
693,Midnight Cowboy,Midnight Cowboy (1969),1952
694,Midnight Express,Midnight Express (1978),3498
695,Midnight in Paris,Midnight in Paris (2011),86882
696,Mighty Joe Young,Mighty Joe Young (1998),2429
697,Mighty Morphin Power Rangers: The Movie,Mighty Morphin Power Rangers: The Movie (1995),181
698,Milk,Milk Money (1994),276
699,Miller's Crossing,Miller's Crossing (1990),1245
700,Mimic,Mimic (1997),1603
701,Mini's First Time,Across the Sea of Time (1995),37
702,Minority Report,Minority Report (2002),5445
703,The Miracle Worker,The Miracle Worker (1962),7619
704,Mirrors,Mirrors (2008),61262
705,Misery,Misery (1990),3499
706,Mission Impossible,Mission: Impossible (1996),648
707,Mission Impossible II,Mission: Impossible II (2000),3623
708,Mission to Mars,Mission to Mars (2000),3354
709,Moneyball,Moneyball (2011),89492
710,Monkeybone,Monkeybone (2001),4158
711,Monte Carlo,Herbie Goes to Monte Carlo (1977),2051
712,Moon,Moonlight and Valentino (1995),182
713,Moonrise Kingdom,Moonrise Kingdom (2012),94959
714,Moonstruck,Moonstruck (1987),3072
715,Mr Blandings Builds His Dream House,Mr. Blandings Builds His Dream House (1948),8711
716,Mr Brooks,Mr. Holland's Opus (1995),62
717,Mr Deeds Goes to Town,Mr. Deeds Goes to Town (1936),25827
718,Mrs. Brown,"Mrs. Brown (a.k.a. Her Majesty, Mrs. Brown) (1997)",1643
719,Mud,The Mudge Boy (2003),7455
720,Mulan,Mulan (1998),1907
721,Mulholland Drive,Mulholland Drive (2001),4848
722,Mumford,Mumford (1999),2883
723,The Mummy,The Mummy (1999),2617
724,Music of the Heart,Music of the Heart (1999),2996
725,Mute Witness,Mute Witness (1994),183
726,My Best Friend's Wedding,My Best Friend's Wedding (1997),1569
727,My Girl,My Girl 2 (1994),5969
728,My Mother Dreams the Satan's Disciples in New York,Father of the Bride Part II (1995),5
729,My Week with Marilyn,My Week with Marilyn (2011),91134
730,Mystery Men,Mystery Men (1999),2723
731,Nashville,Nashville (1975),2303
732,Natural Born Killers,Natural Born Killers (1994),288
733,Never Been Kissed,Never Been Kissed (1999),2581
734,New York Minute,New York Minute (2004),7453
735,Newsies,Newsies (1992),2084
736,Next,The Next Karate Kid (1994),502
737,Next Friday,Next Friday (2000),3177
738,The Next Three Days,The Next Three Days (2010),81788
739,Nick of Time,Nick of Time (1995),89
740,Night Time (The Poltergeist Treatment),"The City of Lost Children (Cité des enfants perdus, La) (1995)",29
741,Nightbreed,Nightbreed (1990),7951
742,The Nightmare Before Christmas,The Nightmare Before Christmas (1993),551
743,A Nightmare on Elm Street,A Nightmare on Elm Street (1984),1347
744,Nightmare on Elm Street: The Final Chapter,The American President (1995),11
745,Nine,Nine Months (1995),186
746,The Nines,The Nines (2007),54962
747,Ninja Assassin,Ninja Assassin (2009),72489
748,Ninotchka,Ninotchka (1939),936
749,The Ninth Gate,The Ninth Gate (1999),3355
750,No Country for Old Men,No Country for Old Men (2007),55820
751,No Strings Attached,No Strings Attached (2011),84374
752,Notting Hill,Notting Hill (1999),2671
753,Nurse Betty,Nurse Betty (2000),3893
754,Oblivion,Living in Oblivion (1995),176
755,Observe and Report,Observe and Report (2009),67695
756,Obsessed,Obsessed (2009),70301
757,Ocean's Eleven,Ocean's Eleven (2001),4963
758,Ocean's Twelve,Ocean's Twelve (2004),8984
759,Office Space,Office Space (1999),2502
760,One Flew Over the Cuckoo's Nest,One Flew Over the Cuckoo's Nest (1975),1193
761,Only God Forgives,Only God Forgives (2013),102684
762,Ordinary People,Ordinary People (1980),1956
763,Orgy of the Dead,Orgy of the Dead (1965),8687
764,Orphan,Orphans (1997),4698
765,The Other Boleyn Girl,The Other Boleyn Girl (2008),58154
766,Out of Sight,Out of Sight (1998),1912
767,The Pacifier,The Pacifier (2005),32017
768,Pandorum,Pandorum (2009),71135
769,Panic Room,Panic Room (2002),5266
770,Papadopoulos & Sons,Papadopoulos & Sons (2012),101770
771,ParaNorman,ParaNorman (2012),96281
772,Pariah,Pariah (2011),91808
773,The Passion of Joan of Arc,"The Passion of Joan of Arc (Passion de Jeanne d'Arc, La) (1928)",6985
774,The Patriot,The Patriot (2000),3753
775,Paul,Paulie (1998),1806
776,Pearl Harbor,Pearl Harbor (2001),4310
777,Peeping Tom,Peeping Tom (1960),2488
778,Peggy Sue Got Married,Peggy Sue Got Married (1986),2469
779,Perfect Creature,A Perfect Candidate (1996),1123
780,A Perfect World,A Perfect World (1993),507
781,The Perks of Being a Wallflower,The Perks of Being a Wallflower (2012),96821
782,Pet Sematary,Pet Sematary (1989),2513
783,Pet Sematary II,Pet Sematary II (1992),2514
784,Petulia,Petulia (1968),26191
785,Philadelphia,Philadelphia (1993),508
786,Phone Booth,Phone Booth (2002),6281
787,Pi,Shopping (1994),98
788,The Pianist,The Pianist (2002),5995
789,The Piano,The Piano (1993),509
790,Pineapple Express,Pineapple Express (2008),61024
791,Pirates of the Caribbean,Pirates of the Caribbean: The Curse of the Black Pearl (2003),6539
792,Pirates of the Caribbean: Dead Man's Chest,Pirates of the Caribbean: Dead Man's Chest (2006),45722
793,Pitch Black,Pitch Black (2000),3300
794,The Planet of the Apes,Planet of the Apes (1968),2529
795,Platinum Blonde,Platinum Blonde (1931),7221
796,Platoon,Platoon (1986),1090
797,Pleasantville,Pleasantville (1998),2321
798,Point Break,Point Break (1991),4351
799,Pokemon: Mewtwo Returns,Pokemon 4 Ever (a.k.a. Pokémon 4: The Movie) (2002),5672
800,The Postman,"The Postman (Postino, Il) (1994)",58
801,The Power of One,The Power of One (1992),8010
802,Precious,Precious (2009),72395
803,Predator,Predator (1987),3527
804,The Prestige,The Prestige (2006),48780
805,Pretty Woman,Pretty Woman (1990),597
806,Pride and Prejudice,Pride and Prejudice (1940),7579
807,Priest,Priest (1994),299
808,The Princess Bride,The Princess Bride (1987),1197
809,The Private Life of Sherlock Holmes,The Private Life of Sherlock Holmes (1970),6581
810,The Producer,The Producers (1968),2300
811,The Program,The Program (1993),511
812,Prom Night,Prom Night (1980),1987
813,Prometheus,Prometheus (2012),94864
814,The Prophecy,The Prophecy (1995),188
815,The Proposal,The Proposal (2009),69406
816,Psycho,Psycho (1960),1219
817,Public Enemies,Public Enemies (2009),69640
818,Pulp Fiction,Pulp Fiction (1994),296
819,Punch-Drunk Love,Punch-Drunk Love (2002),5673
820,Purple Rain,Purple Rain (1984),8266
821,Quantum Project,Supercop 2 (Project S) (Chao ji ji hua) (1993),876
822,Queen of the Damned,Queen of the Damned (2002),5128
823,The Queen,All the Queen's Men (2001),5789
824,Rachel Getting Married,Rachel Getting Married (2008),62344
825,Raging Bull,Raging Bull (1980),1228
826,Raising Arizona,Raising Arizona (1987),1394
827,Rambling Rose,Rambling Rose (1991),5359
828,Rambo: First Blood II: The Mission,"The City of Lost Children (Cité des enfants perdus, La) (1995)",29
829,The Reader,The Reader (2008),64622
830,Real Genius,Real Genius (1985),1297
831,Rear Window,Rear Window (1954),904
832,Rebel Without A Cause,Rebel Without a Cause (1955),1103
833,Red Planet,Red Planet (2000),3981
834,Red Riding Hood,Red Riding Hood (2011),85397
835,Reindeer Games,Reindeer Games (2000),3316
836,The Relic,The Relic (1997),879
837,Remember Me,Remember Me (Ricordati di me) (2003),27644
838,The Replacements,The Replacements (2000),3861
839,Repo Man,Repo Man (1984),1965
840,The Rescuers Down Under,The Rescuers Down Under (1990),2089
841,Reservoir Dogs,Reservoir Dogs (1992),1089
842,Resident Evil,Resident Evil (2002),5219
843,Return of the Apes,Father of the Bride Part II (1995),5
844,The Revenant,The Revenant (2009),91947
845,Revolutionary Road,Revolutionary Road (2008),65130
846,Ringu,Ringu (Ring) (1998),6242
847,Rise of the Guardians,Rise of the Guardians (2012),98243
848,Rise of the Planet of the Apes,Rise of the Planet of the Apes (2011),88744
849,RKO 281,RKO 281 (1999),27006
850,The Road,The Road to Wellville (1994),518
851,Robin Hood: Prince of Thieves,Robin Hood: Prince of Thieves (1991),1027
852,The Rock,The Rock (1996),733
853,RocknRolla,RocknRolla (2008),62849
854,Rocky,Rocky (1976),1954
855,The Rocky Horror Picture Show,The Rocky Horror Picture Show (1975),2657
856,Romeo & Juliet,William Shakespeare's Romeo + Juliet (1996),1059
857,Ronin,Ronin (1998),2278
858,Room,Four Rooms (1995),18
859,The Roommate,The Roommate (2011),87028
860,Roughshod,The Rough House (1917),101734
861,The Ruins,The Ruins (2008),58975
862,Runaway Bride,Runaway Bride (1999),2724
863,Rush,Adrenalin: Fear the Rush (1996),1383
864,Rush Hour,Rush Hour (1998),2273
865,Rush Hour 2,Rush Hour 2 (2001),4701
866,Rust and Bone,Rust and Bone (De rouille et d'os) (2012),97024
867,S. Darko,S. Darko (S. Darko: A Donnie Darko Tale) (2009),68519
868,The Saint,The Saint of Fort Washington (1993),525
869,The Salton Sea,The Salton Sea (2002),5329
870,The Sandlot Kids,Father of the Bride Part II (1995),5
871,Save the Last Dance,Save the Last Dance (2001),4054
872,Saving Mr. Banks,Saving Mr. Banks (2013),107141
873,Saving Private Ryan,Saving Private Ryan (1998),2028
874,Saw,I Saw What You Did (1965),2856
875,Scarface,Scarface (1983),4262
876,Schindler's List,Schindler's List (1993),527
877,Scott Pilgrim vs the World,Scott Pilgrim vs. the World (2010),79702
878,Scream,Kicking and Screaming (1995),72
879,Scream 2,Scream 2 (1997),1717
880,Scream 3,Scream 3 (2000),3273
881,Se7en,Seven (a.k.a. Se7en) (1995),47
882,The Searchers,The Searchers (1956),3365
883,The Secret Life of Walter Mitty,The Secret Life of Walter Mitty (1947),7826
884,Semi-Pro,Semi-Pro (2008),58156
885,Sense and Sensibility,Sense and Sensibility (1995),17
886,Serenity,Serenity (2005),34405
887,Serial Mom,Serial Mom (1994),532
888,The Sessions,The Sessions (Surrogate) (2012),97870
889,The Seventh Seal,"The Seventh Seal (Sjunde inseglet, Det) (1957)",1237
890,Sex and the City,Sex and the City (2008),59725
891,"Sex, Lies and Videotape","Sex, Lies, and Videotape (1989)",1186
892,Sexual Life,"The Sexual Life of the Belgians (Vie sexuelle des Belges 1950-1978, La) (1994)",1075
893,Shakespeare in Love,Shakespeare in Love (1998),2396
894,Shallow Grave,Shallow Grave (1994),319
895,Shame,A Low Down Dirty Shame (1994),387
896,Shampoo,Shampoo (1975),3099
897,The Shawshank Redemption,The Shawshank Redemption (1994),318
898,She's Out of My League,She's Out of My League (2010),74946
899,Sherlock Holmes,Sherlock Holmes (2009),73017
900,Shifty,Shifty (2008),79551
901,The Shining,The Shining (1980),1258
902,The Shipping News,The Shipping News (2001),5016
903,Shivers,Shivers (They Came from Within) (1975),31270
904,Shrek,Shrek (2001),4306
905,Shrek the Third,Shrek the Third (2007),53121
906,Sicario,The Year of Living Vicariously (2005),87370
907,Sideways,Sideways (2004),8949
908,The Siege,The Siege (1998),2334
909,Signs,Signs & Wonders (2001),4150
910,Silence of the Lambs,The Silence of the Lambs (1991),593
911,Silver Bullet,Silver Bullet (Stephen King's Silver Bullet) (1985),5433
912,Silver Linings Playbook,Silver Linings Playbook (2012),97921
913,Simone,Simone (S1m0ne) (2002),5530
914,Single White Female,Single White Female (1992),3274
915,Sister Act,Sister Act (1992),3247
916,Six Degrees of Separation,Six Degrees of Separation (1993),538
917,The Sixth Sense,The Sixth Sense (1999),2762
918,Sleepless in Seattle,Sleepless in Seattle (1993),539
919,Sleepy Hollow,Sleepy Hollow (1999),3081
920,Sling Blade,Some Folks Call It a Sling Blade (1993),678
921,Slither,Slither (1973),26277
922,Slumdog Millionaire,Slumdog Millionaire (2008),63082
923,Smashed,Smashed (2012),97904
924,Smokin' Aces,Smokin' Aces (2006),50794
925,Snatch,Body Snatchers (1993),426
926,Snow Falling On Cedars,Snow Falling on Cedars (1999),3185
927,Snow White and the Huntsman,Snow White and the Huntsman (2012),94780
928,So I Married an Axe Murderer,So I Married an Axe Murderer (1993),543
929,The Social Network,The Social Network (2010),80463
930,Solaris,Solaris (Solyaris) (1972),3503
931,Soldier,Small Soldiers (1998),1920
932,Someone To Watch Over Me,Someone to Watch Over Me (1987),2956
933,Something's Gotta Give,Something's Gotta Give (2003),7149
934,Source Code,Source Code (2011),85414
935,South Park,"South Park: Bigger, Longer and Uncut (1999)",2700
936,Space Milkshake,Space Milkshake (2012),113218
937,Spanglish,Spanglish (2004),27808
938,Spare Me,Nobody Loves Me (Keiner liebt mich) (1994),106
939,Spartan,Spartan (2004),7348
940,Speed Racer,Speed Racer (2008),59037
941,Sphere,Sphere (1998),1779
942,Spider-Man,Spider-Man (2002),5349
943,St. Elmo's Fire,St. Elmo's Fire (1985),2146
944,Star Trek,Star Trek: Generations (1994),329
945,Star Trek II: The Wrath of Khan,Star Trek II: The Wrath of Khan (1982),1374
946,Star Trek: First Contact,Star Trek: First Contact (1996),1356
947,Star Trek: Generations,Star Trek: Generations (1994),329
948,Star Trek: Nemesis,Star Trek: Nemesis (2002),5944
949,Star Trek: The Motion Picture,Star Trek: The Motion Picture (1979),1371
950,Star Wars: A New Hope,Shanghai Triad (Yao a yao yao dao waipo qiao) (1995),30
951,Star Wars: Attack of the Clones,"The City of Lost Children (Cité des enfants perdus, La) (1995)",29
952,Star Wars: Return of the Jedi,"The City of Lost Children (Cité des enfants perdus, La) (1995)",29
953,Star Wars: The Empire Strikes Back,"The City of Lost Children (Cité des enfants perdus, La) (1995)",29
954,Star Wars: The Force Awakens,"The City of Lost Children (Cité des enfants perdus, La) (1995)",29
955,Star Wars: The Phantom Menace,"The City of Lost Children (Cité des enfants perdus, La) (1995)",29
956,Starman,Starman (1984),3699
957,Starship Troopers,Starship Troopers (1997),1676
958,State and Main,State and Main (2000),4029
959,Station West,Station West (1948),125277
960,Stepmom,Stepmom (1998),2432
961,The Sting,The Sting (1973),1234
962,Stir of Echoes,Stir of Echoes (1999),2841
963,Storytelling,Storytelling (2001),5074
964,Straight Outta Compton,Baadasssss! (How to Get the Man's Foot Outta Your Ass) (2003),8364
965,Strange Days,Strange Days (1995),198
966,Strangers on a Train,Strangers on a Train (1951),2186
967,The Stuntman,Father of the Bride Part II (1995),5
968,Sugar,Bitter Sugar (Azúcar amarga) (1996),1058
969,Sugar and Spice,Dracula: Dead and Loving It (1995),12
970,Sunset Blvd.,Sunset Blvd. (a.k.a. Sunset Boulevard) (1950),922
971,Sunshine Cleaning,Sunshine Cleaning (2008),67267
972,Super 8,Super 8 (2011),87306
973,Superbad,Superbad (2007),54503
974,Supergirl,Supergirl (1984),3877
975,The Surfer King,Father of the Bride Part II (1995),5
976,Surrogates,Surrogates (2009),71530
977,Suspect Zero,Suspect Zero (2004),8831
978,Sweeney Todd: The Demon Barber of Fleet Street,Sweeney Todd: The Demon Barber of Fleet Street (2007),56757
979,The Sweet Hereafter,The Sweet Hereafter (1997),1719
980,Sweet Smell of Success,Sweet Smell of Success (1957),4432
981,Swingers,Swingers (1996),1060
982,Swordfish,Swordfish (2001),4344
983,"Synecdoche, New York","Synecdoche, New York (2008)",62511
984,Syriana,Syriana (2005),40583
985,Take Shelter,Take Shelter (2011),90057
986,Taking Lives,Taking Lives (2004),7362
987,The Taking of Pelham One Two Three,The Taking of Pelham One Two Three (1974),3384
988,Taking Sides,Taking Sides (2001),6706
989,The Talented Mr. Ripley,The Talented Mr. Ripley (1999),3176
990,Tall in the Saddle,Tall in the Saddle (1944),45537
991,Tamara Drewe,Tamara Drewe (2010),80775
992,Taxi Driver,Taxi Driver (1976),111
993,Ted,The Hunted (1995),251
994,Terminator,Terminator 2: Judgment Day (1991),589
995,Terminator 2: Judgement Day,Terminator 2: Judgment Day (1991),589
996,Terminator Salvation,Terminator Salvation (2009),68791
997,The Rage: Carrie 2,The Rage: Carrie 2 (1999),2548
998,Thelma & Louise,Thelma & Louise (1991),3418
999,The Theory of Everything,The Theory of Everything (2006),80358
1000,They,They Bite (1996),676
1001,The Thing,The Thing (1982),2288
1002,The Things My Father Never Taught Me,"The City of Lost Children (Cité des enfants perdus, La) (1995)",29
1003,Thirteen Days,Thirteen Days (2000),4033
1004,This Boy's Life,This Boy's Life (1993),6436
1005,This is 40,This Is 40 (2012),99117
1006,Thor,Author! Author! (1982),5923
1007,Thor Ragnarok,Thor: Tales of Asgard (2011),102009
1008,Three Kings,Three Kings (1999),2890
1009,Three Kings (Spoils of War),"The City of Lost Children (Cité des enfants perdus, La) (1995)",29
1010,Three Men and a Baby,Three Men and a Baby (1987),5308
1011,The Three Musketeers,The Three Musketeers (1993),552
1012,Thunderbirds,Thunderbirds (2004),8782
1013,Thunderheart,Thunderheart (1992),7039
1014,Ticker,Ticker (2001),72593
1015,Timber Falls,Timber Falls (2007),57432
1016,The Time Machine,The Time Machine (1960),3959
1017,Tin Cup,Tin Cup (1996),852
1018,Tin Men,Tin Men (1987),1395
1019,Tinker Tailor Soldier Spy,"Tinker, Tailor, Soldier, Spy (1979)",7762
1020,Titanic,Titanic (1997),1721
1021,TMNT,"The Postman (Postino, Il) (1994)",58
1022,To Sleep with Anger,To Sleep with Anger (1990),88024
1023,Tombstone,Tombstone (1993),553
1024,Tomorrow Never Dies,Tomorrow Never Dies (1997),1722
1025,Top Gun,Top Gun (1986),1101
1026,Total Recall,Total Recall (1990),2916
1027,The Tourist,The Tourist (2010),82202
1028,Toy Story,Toy Story (1995),1
1029,Traffic,Human Traffic (1999),3581
1030,Training Day,Training Day (2001),4776
1031,Trainspotting,Trainspotting (1996),778
1032,Transformers: The Movie,Transformers: The Movie (1986),4006
1033,Tremors,Tremors (1990),6659
1034,Tristan and Isolde,Dracula: Dead and Loving It (1995),12
1035,TRON,Tron (1982),2105
1036,TRON: Legacy,Tron: Legacy (2010),82461
1037,Tropic Thunder,Tropic Thunder (2008),61132
1038,True Grit,True Grit (1969),3494
1039,True Lies,True Lies (1994),380
1040,True Romance,True Romance (1993),555
1041,The Truman Show,The Truman Show (1998),1682
1042,Twilight,Twilight (1998),1791
1043,Twilight: New Moon,Star Wars: Episode IV - A New Hope (1977),260
1044,Twin Peaks,Twin Peaks: Fire Walk with Me (1992),3262
1045,Twins,Twins (1988),4558
1046,Two For The Money,Two for the Money (2005),38992
1047,U Turn,U Turn (1997),1627
1048,The Ugly Truth,The Ugly Truth (2009),70183
1049,Unbreakable,Unbreakable (2000),3994
1050,Under Fire,Courage Under Fire (1996),647
1051,Unknown,X: The Unknown (1956),3878
1052,Up,Tin Cup (1996),852
1053,Up in the Air,Up in the Air (2009),72011
1054,The Usual Suspects,The Usual Suspects (1995),50
1055,V for Vendetta,V for Vendetta (2006),44191
1056,Valkyrie,Valkyrie (2008),64983
1057,Vanilla Sky,Vanilla Sky (2001),4975
1058,The Verdict,The Verdict (1982),3068
1059,Very Bad Things,Very Bad Things (1998),2387
1060,Virtuosity,Virtuosity (1995),338
1061,The Visitor,Les The Visitors (Visiteurs) (1993),718
1062,Wag the Dog,Wag the Dog (1997),1747
1063,A Walk to Remember,A Walk to Remember (2002),5066
1064,Walking Tall,Walking Tall (2004),7376
1065,Wall Street,Wall Street (1987),4007
1066,Wall Street: Money Never Sleeps,Wall Street: Money Never Sleeps (2010),80590
1067,Wall-E,Bread and Chocolate (Pane e cioccolata) (1973),615
1068,Wanted,Wanted: Dead or Alive (1987),2756
1069,War for the Planet of the Apes,Battle for the Planet of the Apes (1973),2531
1070,War Horse,War Horse (2011),91126
1071,War of the Worlds,War of the Worlds (2005),34048
1072,Warm Springs,Warm Water Under a Red Bridge (Akai hashi no shita no nurui mizu) (2001),5351
1073,Warrior,Once Were Warriors (1994),290
1074,Watchmen,Watchmen (2009),60684
1075,Water for Elephants,Water for Elephants (2011),86548
1076,The Way Back,The Way Back (2010),83369
1077,We Own the Night,We Own the Night (2007),55272
1078,What Lies Beneath,What Lies Beneath (2000),3798
1079,When a Stranger Calls,When a Stranger Calls (1979),4893
1080,While She Was Out,While She Was Out (2008),63483
1081,The Whistleblower,The Whistleblower (2010),92048
1082,White Christmas,White Christmas (1954),3675
1083,White Jazz,The White Balloon (Badkonake sefid) (1995),80
1084,The White Ribbon,The White Ribbon (Das weiße Band) (2009),71108
1085,White Squall,White Squall (1996),86
1086,Whiteout,Whiteout (2009),71573
1087,Who's Your Daddy,Who's Your Daddy? (2004),32925
1088,Wild At Heart,Wild at Heart (1990),7044
1089,The Wild Bunch,The Wild Bunch (1969),599
1090,Wild Hogs,Wild Hogs (2007),51575
1091,Wild Things,Wild Things (1998),1805
1092,Wild Things: Diamonds in the Rough,Wild Things: Diamonds in the Rough (2005),68513
1093,Wild Wild West,Wild Wild West (1999),2701
1094,Willow,Willow (1988),2193
1095,Win Win,Win Win (2011),85881
1096,Wind Chill,Wind Chill (2007),54738
1097,Withnail and I,Dracula: Dead and Loving It (1995),12
1098,Witness,Mute Witness (1994),183
1099,The Wizard of Oz,The Wizard of Oz (1939),919
1100,The Wolf of Wall Street,The Wolf of Wall Street (2013),106782
1101,Wonder Boys,Wonder Boys (2000),3317
1102,The Woodsman,The Woodsman (2004),30820
1103,The World is not Enough,The World Is Not Enough (1999),3082
1104,The Wrestler,The Wrestler (2008),64839
1105,The X-Files: Fight the Future,The X-Files: Fight the Future (1998),1909
1106,X-Men,X-Men (2000),3793
1107,X-Men Origins: Wolverine,X-Men Origins: Wolverine (2009),68319
1108,xXx,xXx (2002),5507
1109,Year One,Year One (2009),69436
1110,Yes Man,Yes Man (2008),64969
1111,You Can Count On Me,You Can Count on Me (2000),3983
1112,You've Got Mail,You've Got Mail (1998),2424
1113,Youth in Revolt,Youth in Revolt (2009),73266
1114,Zero Dark Thirty,Zero Dark Thirty (2012),98961
1115,Zerophilia,Zerophilia (2005),82608
1116,Zootopia,Road to Utopia (1946),5233
